{
	"format_version": "1.12.0",
	"minecraft:geometry": [
		{
			"description": {
				"identifier": "geometry.lucky_block_spiral",
				"texture_width": 64,
				"texture_height": 64,
				"visible_bounds_width": 3,
				"visible_bounds_height": 2,
				"visible_bounds_offset": [0, 0, 0]
			},
			"bones": [
				{
					"name": "Lucky_block",
					"pivot": [0, 0, 0],
					"cubes": [
						{"origin": [-8, 0, -8], "size": [16, 16, 16], "uv": [0, 0]}
					]
				},
				{
					"name": "3D_N",
					"pivot": [-0.1, 8.45, -8],
					"cubes": [
						{"origin": [-7, 1, -8.5], "size": [1, 1, 1], "uv": [14, 43]},
						{"origin": [6, 14, -8.5], "size": [1, 1, 1], "uv": [0, 43]},
						{"origin": [-7, 14, -8.5], "size": [1, 1, 1], "uv": [4, 43]},
						{"origin": [6, 1, -8.5], "size": [1, 1, 1], "uv": [10, 43]},
						{"origin": [-1, 3, -8.5], "size": [2, 2, 1], "uv": [40, 34]},
						{"origin": [-1, 6, -8.5], "size": [2, 2, 1], "uv": [40, 40]},
						{"origin": [1, 8, -8.5], "size": [2, 4, 1], "uv": [30, 34]},
						{"origin": [-3, 12, -8.5], "size": [5, 1, 1], "uv": [32, 32]},
						{"origin": [-4, 9, -8.5], "size": [2, 3, 1], "uv": [22, 39]},
						{"origin": [0, 8, -8.5], "size": [1, 1, 1], "uv": [42, 37]}
					]
				},
				{
					"name": "3D_S",
					"pivot": [-0.1, 8.45, 8],
					"rotation": [0, 180, 0],
					"cubes": [
						{"origin": [-7, 1, 7.5], "size": [1, 1, 1], "uv": [31, 42]},
						{"origin": [6, 14, 7.5], "size": [1, 1, 1], "uv": [27, 42]},
						{"origin": [-7, 14, 7.5], "size": [1, 1, 1], "uv": [7, 42]},
						{"origin": [6, 1, 7.5], "size": [1, 1, 1], "uv": [4, 41]},
						{"origin": [-1, 3, 7.5], "size": [2, 2, 1], "uv": [34, 40]},
						{"origin": [-1, 6, 7.5], "size": [2, 2, 1], "uv": [28, 39]},
						{"origin": [1, 8, 7.5], "size": [2, 4, 1], "uv": [24, 34]},
						{"origin": [-3, 12, 7.5], "size": [5, 1, 1], "uv": [20, 32]},
						{"origin": [-4, 9, 7.5], "size": [2, 3, 1], "uv": [16, 39]},
						{"origin": [0, 8, 7.5], "size": [1, 1, 1], "uv": [0, 41]}
					]
				},
				{
					"name": "3D_E",
					"pivot": [8.5, 8.45, -0.1],
					"cubes": [
						{"origin": [7.5, 1, -7], "size": [1, 1, 1], "uv": [4, 37]},
						{"origin": [7.5, 3, -1], "size": [1, 2, 2], "uv": [10, 39]},
						{"origin": [7.5, 6, -1], "size": [1, 2, 2], "uv": [6, 37]},
						{"origin": [7.5, 8, 0], "size": [1, 1, 1], "uv": [0, 34]},
						{"origin": [7.5, 8, 1], "size": [1, 4, 2], "uv": [10, 4]},
						{"origin": [7.5, 12, -3], "size": [1, 1, 5], "uv": [0, 6]},
						{"origin": [7.5, 9, -4], "size": [1, 3, 2], "uv": [18, 34]},
						{"origin": [7.5, 1, 6], "size": [1, 1, 1], "uv": [36, 34]},
						{"origin": [7.5, 14, 6], "size": [1, 1, 1], "uv": [16, 34]},
						{"origin": [7.5, 14, -7], "size": [1, 1, 1], "uv": [8, 34]}
					]
				},
				{
					"name": "3D_O",
					"pivot": [-8.5, 8.45, -0.1],
					"rotation": [0, 180, 0],
					"cubes": [
						{"origin": [-9.5, 1, -7], "size": [1, 1, 1], "uv": [0, 32]},
						{"origin": [-9.5, 3, -1], "size": [1, 2, 2], "uv": [0, 37]},
						{"origin": [-9.5, 6, -1], "size": [1, 2, 2], "uv": [36, 36]},
						{"origin": [-9.5, 8, 0], "size": [1, 1, 1], "uv": [7, 9]},
						{"origin": [-9.5, 8, 1], "size": [1, 4, 2], "uv": [10, 10]},
						{"origin": [-9.5, 12, -3], "size": [1, 1, 5], "uv": [0, 0]},
						{"origin": [-9.5, 9, -4], "size": [1, 3, 2], "uv": [12, 34]},
						{"origin": [-9.5, 1, 6], "size": [1, 1, 1], "uv": [0, 8]},
						{"origin": [-9.5, 14, 6], "size": [1, 1, 1], "uv": [7, 3]},
						{"origin": [-9.5, 14, -7], "size": [1, 1, 1], "uv": [0, 6]}
					]
				},
				{
					"name": "3D_UP",
					"pivot": [0, 0, 0],
					"cubes": [
						{"origin": [-7, 15.5, 6], "size": [1, 1, 1], "uv": [0, 0]},
						{"origin": [-1, 15.5, -5], "size": [2, 1, 2], "uv": [7, 0]},
						{"origin": [-1, 15.5, -2], "size": [2, 1, 2], "uv": [7, 0]},
						{"origin": [0, 15.5, 0], "size": [1, 1, 1], "uv": [0, 2]},
						{"origin": [-3, 15.5, 4], "size": [5, 1, 1], "uv": [8, 32]},
						{"origin": [-4, 15.5, 1], "size": [2, 1, 3], "uv": [0, 12]},
						{"origin": [1, 15.5, 0], "size": [2, 1, 4], "uv": [0, 32]},
						{"origin": [-7, 15.5, -7], "size": [1, 1, 1], "uv": [0, 0]},
						{"origin": [6, 15.5, -7], "size": [1, 1, 1], "uv": [0, 0]},
						{"origin": [6, 15.5, 6], "size": [1, 1, 1], "uv": [0, 0]}
					]
				},
				{
					"name": "3D_DW",
					"pivot": [-0.1, 0, 0.45],
					"rotation": [0, 0, -180],
					"cubes": [
						{"origin": [-7, -0.5, 6], "size": [1, 1, 1], "uv": [0, 0]},
						{"origin": [-1, -0.5, -5], "size": [2, 1, 2], "uv": [7, 0]},
						{"origin": [-1, -0.5, -2], "size": [2, 1, 2], "uv": [7, 0]},
						{"origin": [0, -0.5, 0], "size": [1, 1, 1], "uv": [0, 2]},
						{"origin": [-3, -0.5, 4], "size": [5, 1, 1], "uv": [8, 32]},
						{"origin": [-4, -0.5, 1], "size": [2, 1, 3], "uv": [0, 12]},
						{"origin": [1, -0.5, 0], "size": [2, 1, 4], "uv": [0, 32]},
						{"origin": [-7, -0.5, -7], "size": [1, 1, 1], "uv": [0, 0]},
						{"origin": [6, -0.5, -7], "size": [1, 1, 1], "uv": [0, 0]},
						{"origin": [6, -0.5, 6], "size": [1, 1, 1], "uv": [0, 0]}
					]
				}
			]
		}
	]
}