{
	"format_version": "1.12.0",
	"minecraft:geometry": [
		{
			"description": {
				"identifier": "geometry.spiral_lollipop",
				"texture_width": 16,
				"texture_height": 16,
				"visible_bounds_width": 2,
				"visible_bounds_height": 1,
				"visible_bounds_offset": [0, 0, 0]
			},
			"bones": [
				{
					"name": "spiral_lollipop",
					"pivot": [0, 0, 0],
					"cubes": [
						{
							"origin": [-1, 0, -1],
							"size": [2, 8, 2],
							"uv": {
								"north": {"uv": [7, 8], "uv_size": [2, 8]},
								"east": {"uv": [7, 8], "uv_size": [2, 8]},
								"south": {"uv": [7, 8], "uv_size": [2, 8]},
								"west": {"uv": [7, 8], "uv_size": [2, 8]},
								"up": {"uv": [9, 16], "uv_size": [-2, -8]},
								"down": {"uv": [7, 16], "uv_size": [2, -8]}
							}
						},
						{
							"origin": [-1, 8, -3],
							"size": [2, 8, 6],
							"uv": {
								"north": {"uv": [9, 0], "uv_size": [2, 8]},
								"east": {"uv": [5, 0], "uv_size": [6, 8]},
								"south": {"uv": [9, 0], "uv_size": [2, 8]},
								"west": {"uv": [5, 0], "uv_size": [6, 8]},
								"up": {"uv": [7, 2], "uv_size": [-2, 6]},
								"down": {"uv": [10, 7], "uv_size": [-2, -6]}
							}
						},
						{
							"origin": [-1, 9, 3],
							"size": [2, 6, 1],
							"uv": {
								"north": {"uv": [1, 1], "uv_size": [2, 6]},
								"east": {"uv": [4, 1], "uv_size": [1, 6]},
								"south": {"uv": [4, 1], "uv_size": [1, 6]},
								"west": {"uv": [4, 1], "uv_size": [1, 6]},
								"up": {"uv": [8, 3], "uv_size": [2, 1]},
								"down": {"uv": [7, 8], "uv_size": [-2, -1]}
							}
						},
						{
							"origin": [-1, 9, -4],
							"size": [2, 6, 1],
							"uv": {
								"north": {"uv": [11, 1], "uv_size": [1, 6]},
								"east": {"uv": [11, 1], "uv_size": [1, 6]},
								"south": {"uv": [4, 10], "uv_size": [2, 6]},
								"west": {"uv": [11, 1], "uv_size": [1, 6]},
								"up": {"uv": [10, 1], "uv_size": [2, 1]},
								"down": {"uv": [11, 8], "uv_size": [-2, -1]}
							}
						}
					]
				}
			]
		}
	]
}