{
  "format_version": "1.10.0",
  "minecraft:client_entity": {
    "description": {
      "identifier": "entity:spiral_lucky_potion",
      "materials": {
        "default": "splash_potion_enchanted"
      },
      "textures": {
        "default": "textures/items/spiral_lucky_potion",
        "enchanted": "textures/misc/enchanted_item_glint"
      },
      "geometry": {
        "default": "geometry.item_sprite"
      },
      "render_controllers": [ "controller.render.splash_potion" ],
      "animations": {
        "flying": "animation.actor.billboard"
      },
      "scripts": {
        "animate": [
          "flying"
        ]
      }
    }
  }
} 