{
  "format_version": "1.10.0",
  "minecraft:client_entity": {
    "description": {
      "identifier": "entity:splash_evil_potion",
      "materials": {
        "default": "splash_potion_enchanted"
      },
      "textures": {
        "moveSlowdown": "textures/items/splash_evil_potion",
        "moveSpeed": "textures/items/splash_evil_potion",
        "digSlowdown": "textures/items/splash_evil_potion",
        "digSpeed": "textures/items/splash_evil_potion",
        "damageBoost": "textures/items/splash_evil_potion",
        "heal": "textures/items/splash_evil_potion",
        "harm": "textures/items/splash_evil_potion",
        "jump": "textures/items/splash_evil_potion",
        "confusion": "textures/items/splash_evil_potion",
        "regeneration": "textures/items/splash_evil_potion",
        "resistance": "textures/items/splash_evil_potion",
        "fireResistance": "textures/items/splash_evil_potion",
        "waterBreathing": "textures/items/splash_evil_potion",
        "invisibility": "textures/items/splash_evil_potion",
        "blindness": "textures/items/splash_evil_potion",
        "nightVision": "textures/items/splash_evil_potion",
        "hunger": "textures/items/splash_evil_potion",
        "weakness": "textures/items/splash_evil_potion",
        "poison": "textures/items/splash_evil_potion",
        "wither": "textures/items/splash_evil_potion",
        "healthBoost": "textures/items/splash_evil_potion",
        "absorption": "textures/items/splash_evil_potion",
        "saturation": "textures/items/splash_evil_potion",
        "levitation": "textures/items/splash_evil_potion",
        "turtleMaster": "textures/items/splash_evil_potion",
        "slowFall": "textures/items/splash_evil_potion",
        "default": "textures/items/splash_evil_potion",
        "enchanted": "textures/misc/enchanted_item_glint"
      },
      "geometry": {
        "default": "geometry.item_sprite"
      },
      "render_controllers": [ "controller.render.splash_potion" ],
      "animations": {
        "flying": "animation.actor.billboard"
      },
      "scripts": {
        "animate": [
          "flying"
        ]
      }
    }
  }
} 