[
  {
    "flipbook_texture": "textures/blocks/spiral_lucky_block",
    "atlas_tile": "spiral_lucky_block",
    "ticks_per_frame": 1,
    "frames": [ 0, 1, 2, 3, 4, 5, 6, 7, 8, 9, 10, 11, 12, 13, 14, 15, 16, 17, 18, 19, 20, 21, 22, 23, 24, 25, 26, 27, 28, 29, 30, 31
    ],
    "blend_frames": false
  },
  {
    "flipbook_texture": "textures/blocks/spiral_fake_block",
    "atlas_tile": "spiral_fake_block",
    "ticks_per_frame": 1,
    "frames": [ 0, 1, 2, 3, 4, 5, 6, 7, 8, 9, 10, 11, 12, 13, 14, 15, 16, 17, 18, 19, 20, 21, 22, 23, 24, 25, 26, 27, 28, 29, 30, 31
    ],
    "blend_frames": false
  },
  {
    "flipbook_texture": "textures/blocks/spiral_lucky_block",
    "atlas_tile": "spiral_fountain",
    "ticks_per_frame": 1,
    "frames": [ 0, 1, 2, 3, 4, 5, 6, 7, 8, 9, 10, 11, 12, 13, 14, 15, 16, 17, 18, 19, 20, 21, 22, 23, 24, 25, 26, 27, 28, 29, 30, 31
    ],
    "blend_frames": false
  },
  {
    "flipbook_texture": "textures/blocks/spiral_lucky_block",
    "atlas_tile": "lucky_tower",
    "ticks_per_frame": 1,
    "frames": [ 0, 1, 2, 3, 4, 5, 6, 7, 8, 9, 10, 11, 12, 13, 14, 15, 16, 17, 18, 19, 20, 21, 22, 23, 24, 25, 26, 27, 28, 29, 30, 31
    ],
    "blend_frames": false
  },
  {
    "flipbook_texture": "textures/blocks/spiral_lucky_block",
    "atlas_tile": "spiral_dungeon",
    "ticks_per_frame": 1,
    "frames": [ 0, 1, 2, 3, 4, 5, 6, 7, 8, 9, 10, 11, 12, 13, 14, 15, 16, 17, 18, 19, 20, 21, 22, 23, 24, 25, 26, 27, 28, 29, 30, 31
    ],
    "blend_frames": false
  },
  {
    "flipbook_texture": "textures/blocks/spiral_lucky_block",
    "atlas_tile": "gingerbread_house",
    "ticks_per_frame": 1,
    "frames": [ 0, 1, 2, 3, 4, 5, 6, 7, 8, 9, 10, 11, 12, 13, 14, 15, 16, 17, 18, 19, 20, 21, 22, 23, 24, 25, 26, 27, 28, 29, 30, 31
    ],
    "blend_frames": false
  },
  {
    "flipbook_texture": "textures/blocks/spiral_lucky_block",
    "atlas_tile": "candyland",
    "ticks_per_frame": 1,
    "frames": [ 0, 1, 2, 3, 4, 5, 6, 7, 8, 9, 10, 11, 12, 13, 14, 15, 16, 17, 18, 19, 20, 21, 22, 23, 24, 25, 26, 27, 28, 29, 30, 31
    ],
    "blend_frames": false
  },
  {
    "flipbook_texture": "textures/blocks/spiral_lucky_block",
    "atlas_tile": "trampoline",
    "ticks_per_frame": 1,
    "frames": [ 0, 1, 2, 3, 4, 5, 6, 7, 8, 9, 10, 11, 12, 13, 14, 15, 16, 17, 18, 19, 20, 21, 22, 23, 24, 25, 26, 27, 28, 29, 30, 31
    ],
    "blend_frames": false
  },
  {
    "flipbook_texture": "textures/blocks/spiral_lucky_block",
    "atlas_tile": "ore_revealer",
    "ticks_per_frame": 1,
    "frames": [ 0, 1, 2, 3, 4, 5, 6, 7, 8, 9, 10, 11, 12, 13, 14, 15, 16, 17, 18, 19, 20, 21, 22, 23, 24, 25, 26, 27, 28, 29, 30, 31
    ],
    "blend_frames": false
  },
  {
    "flipbook_texture": "textures/blocks/spiral_lucky_block",
    "atlas_tile": "little_rainbow_coaster",
    "ticks_per_frame": 1,
    "frames": [ 0, 1, 2, 3, 4, 5, 6, 7, 8, 9, 10, 11, 12, 13, 14, 15, 16, 17, 18, 19, 20, 21, 22, 23, 24, 25, 26, 27, 28, 29, 30, 31
    ],
    "blend_frames": false
  },
  {
    "flipbook_texture": "textures/blocks/spiral_lucky_block",
    "atlas_tile": "red_dragon_dungeon",
    "ticks_per_frame": 1,
    "frames": [ 0, 1, 2, 3, 4, 5, 6, 7, 8, 9, 10, 11, 12, 13, 14, 15, 16, 17, 18, 19, 20, 21, 22, 23, 24, 25, 26, 27, 28, 29, 30, 31
    ],
    "blend_frames": false
  },
  {
    "flipbook_texture": "textures/blocks/spiral_lucky_block",
    "atlas_tile": "slime_castle",
    "ticks_per_frame": 1,
    "frames": [ 0, 1, 2, 3, 4, 5, 6, 7, 8, 9, 10, 11, 12, 13, 14, 15, 16, 17, 18, 19, 20, 21, 22, 23, 24, 25, 26, 27, 28, 29, 30, 31
    ],
    "blend_frames": false
  },
  {
    "flipbook_texture": "textures/blocks/spiral_lucky_block",
    "atlas_tile": "instant_tent",
    "ticks_per_frame": 1,
    "frames": [ 0, 1, 2, 3, 4, 5, 6, 7, 8, 9, 10, 11, 12, 13, 14, 15, 16, 17, 18, 19, 20, 21, 22, 23, 24, 25, 26, 27, 28, 29, 30, 31
    ],
    "blend_frames": false
  },
  {
    "flipbook_texture": "textures/blocks/spiral_lollipop",
    "atlas_tile": "spiral_lollipop",
    "ticks_per_frame": 2,
    "frames": [ 0, 1, 2, 3, 4, 5, 6, 7, 8, 9, 10, 11, 12, 13, 14, 15, 16, 17, 18, 19, 20, 21, 22, 23, 24, 25, 26, 27, 28, 29, 30, 31
    ],
    "blend_frames": false
  },
  {
    "flipbook_texture": "textures/blocks/spiral_furnace",
    "atlas_tile": "spiral_furnace",
    "ticks_per_frame": 2,
    "frames": [ 0, 1, 2, 3, 4, 5, 6, 7, 8, 9, 10, 11, 12, 13, 14, 15, 16, 17, 18, 19, 20, 21, 22, 23, 24, 25, 26, 27, 28, 29, 30, 31
    ],
    "blend_frames": false
  }
]