{
  "resource_pack_name": "Spiral",
  "texture_name": "atlas.items",
  "texture_data": {
    "lucky_sword": {
      "textures": "textures/items/lucky_sword"
    },
    "spiral_unlucky_sword": {
      "textures": "textures/items/spiral_unlucky_sword"
    },
    "spiral_lucky_sword": {
      "textures": "textures/items/spiral_lucky_sword"
    },
    "spiral_helmet": {
      "textures": "textures/items/spiral_helmet"
    },
    "spiral_chestplate": {
      "textures": "textures/items/spiral_chestplate"
    },
    "spiral_leggings": {
      "textures": "textures/items/spiral_leggings"
    },
    "spiral_boots": {
      "textures": "textures/items/spiral_boots"     
    },
    "the_sizeable_slimy_scimitar": {
      "textures": "textures/items/the_sizeable_slimy_scimitar"
    },
    "slime_boots": {
      "textures": "textures/items/slime_boots"
    },
    "white_candy": {
      "textures": "textures/items/white_candy"
    },
    "orange_candy": {
      "textures": "textures/items/orange_candy"
    },
    "magenta_candy": {
      "textures": "textures/items/magenta_candy"
    },
    "light_blue_candy": {
      "textures": "textures/items/light_blue_candy"
    },
    "yellow_candy": {
      "textures": "textures/items/yellow_candy"
    },
    "lime_candy": {
      "textures": "textures/items/lime_candy"
    },
    "pink_candy": {
      "textures": "textures/items/pink_candy"
    },
    "grey_candy": {
      "textures": "textures/items/grey_candy"
    },
    "light_grey_candy": {
      "textures": "textures/items/light_grey_candy"
    },
    "cyan_candy": {
      "textures": "textures/items/cyan_candy"
    },
    "purple_candy": {
      "textures": "textures/items/purple_candy"
    },
    "blue_candy": {
      "textures": "textures/items/blue_candy"
    },
    "brown_candy": {
      "textures": "textures/items/brown_candy"
    },
    "green_candy": {
      "textures": "textures/items/green_candy"
    },
    "red_candy": {
      "textures": "textures/items/red_candy"
    },
    "black_candy": {
      "textures": "textures/items/black_candy"
    },
    "spiral_lollipop": {
      "textures": "textures/items/spiral_lollipop"
    },
    "gingerbread": {
      "textures": "textures/items/gingerbread"
    },
    "spiral_magic": {
      "textures": "textures/items/spiral_magic"
    },
    "wood_helmet": {
      "textures": "textures/items/wood_helmet"
    },
    "wood_chestplate": {
      "textures": "textures/items/wood_chestplate"
    },
    "wood_leggings": {
      "textures": "textures/items/wood_leggings"
    },
    "wood_boots": {
      "textures": "textures/items/wood_boots"     
    },
    "grenade": {
      "textures": "textures/items/grenade"
    },
    "flame_boots": {
      "textures": "textures/items/flame_boots"
    },
    "cumbersome_crimson_cutter": {
      "textures": "textures/items/cumbersome_crimson_cutter"
    },
    "big_blue_blade": {
      "textures": "textures/items/big_blue_blade"
    },
    "spiral_demolisher": {
      "textures": "textures/items/spiral_demolisher"
    },
    "clunky_coral_chainsaw": {
      "textures": "textures/items/clunky_coral_chainsaw"
    },
    "telescope": {
      "textures": "textures/items/telescope"
    },
    "marvelous_magenta_masher": {
      "textures": "textures/items/marvelous_magenta_masher"
    },
    "lucky_villager": {
      "textures": "textures/items/lucky_villager"
    },
    "evil_potion": {
      "textures": "textures/items/evil_potion"
    },
    "hero_potion": {
      "textures": "textures/items/hero_potion"
    },
    "lucky_mystery_potion": {
      "textures": "textures/items/lucky_mystery_potion"
    },
    "unlucky_mystery_potion": {
      "textures": "textures/items/lucky_mystery_potion"
    },
    "lucky_splash_mystery_potion": {
      "textures": "textures/items/lucky_splash_mystery_potion"
    },
    "unlucky_splash_mystery_potion": {
      "textures": "textures/items/lucky_splash_mystery_potion"
    },
    "op_unlucky_splash_potion": {
      "textures": "textures/items/op_unlucky_splash_potion"
    },
    "super_unlucky_splash_potion": {
      "textures": "textures/items/super_unlucky_splash_potion"
    },
    "super_lucky_potion": {
      "textures": "textures/items/super_lucky_potion"
    },
    "op_lucky_potion": {
      "textures": "textures/items/op_lucky_potion"
    },
    "spiral_triple_bow_0": {
      "textures": "textures/items/spiral_triple_bow_0"
    },
    "spiral_triple_bow_1": {
      "textures": "textures/items/spiral_triple_bow_1"
    },
    "spiral_triple_bow_2": {
      "textures": "textures/items/spiral_triple_bow_2"
    },
    "spiral_triple_bow_3": {
      "textures": "textures/items/spiral_triple_bow_3"
    },
    "spiral_staff": {
      "textures": "textures/items/spiral_staff"
    },
    "death_helmet": {
      "textures": "textures/items/death_helmet"
    },
    "death_chestplate": {
      "textures": "textures/items/death_chestplate"
    },
    "death_leggings": {
      "textures": "textures/items/death_leggings"
    },
    "death_boots": {
      "textures": "textures/items/death_boots"     
    },
    "death_scythe": {
      "textures": "textures/items/death_scythe"
    },
    "spiral_lucky_block_helmet": {
      "textures": "textures/items/spiral_lucky_block_helmet"
    },
    "gold_coin": {
      "textures": "textures/items/gold_coin"
    },
    "spiral_lucky_potion": {
      "textures": "textures/items/spiral_lucky_potion"
    },
    "spiral_unlucky_potion": {
      "textures": "textures/items/spiral_unlucky_potion"
    },
    "spiral_very_lucky_potion": {
      "textures": "textures/items/spiral_very_lucky_potion"
    },
    "effect_bow": {
      "textures": "textures/items/effect_bow"
    },
    "null": {
      "textures": "textures/items/null"
    },
    "null": {
      "textures": "textures/items/null"
    },
    "null": {
      "textures": "textures/items/null"
    },
    "null": {
      "textures": "textures/items/null"
    },
    "null": {
      "textures": "textures/items/null"
    },
    "null": {
      "textures": "textures/items/null"
    },
    "null": {
      "textures": "textures/items/null"
    },
    "null": {
      "textures": "textures/items/null"
    },
    "null": {
      "textures": "textures/items/null"
    },
    "null": {
      "textures": "textures/items/null"
    },
    "null": {
      "textures": "textures/items/null"
    },
    "null": {
      "textures": "textures/items/null"
    }
  }
}