{
 "resource_pack_name": "spiral",
 "texture_name": "atlas.terrain",
 "padding": 8,
 "num_mip_levels": 4,
 "texture_data": {
  "lucky_block": {"textures": ["textures/blocks/lucky_block"] },
  "spiral_lucky_block": { "textures": [ "textures/blocks/spiral_lucky_block"] },
  "spiral_fountain": { "textures": [ "textures/blocks/spiral_lucky_block"] },
  "spiral_fake_block": { "textures": [ "textures/blocks/spiral_fake_block"] },
  "lucky_tower": { "textures": [ "textures/blocks/spiral_lucky_block"] },
  "lucky_tower_room": { "textures": [ "textures/blocks/spiral_lucky_block"] },
  "spiral_dungeon": { "textures": [ "textures/blocks/spiral_lucky_block"] },
  "gingerbread_house": { "textures": [ "textures/blocks/spiral_lucky_block"] },
  "candyland": { "textures": [ "textures/blocks/spiral_lucky_block"] },
  "trampoline": { "textures": [ "textures/blocks/spiral_lucky_block"] },
  "ore_revealer": { "textures": [ "textures/blocks/spiral_lucky_block"] },
  "little_rainbow_coaster": { "textures": [ "textures/blocks/spiral_lucky_block"] },
  "red_dragon_dungeon": { "textures": [ "textures/blocks/spiral_lucky_block"] },
  "red_dragon_dungeon_room": { "textures": [ "textures/blocks/spiral_lucky_block"] },
  "red_dragon_dungeon_end_room": { "textures": [ "textures/blocks/spiral_lucky_block"] },
  "slime_castle": { "textures": [ "textures/blocks/spiral_lucky_block"] },
  "slime_room": { "textures": [ "textures/blocks/spiral_lucky_block"] },
  "slime_end_room": { "textures": [ "textures/blocks/spiral_lucky_block"] },
  "instant_tent": { "textures": [ "textures/blocks/spiral_lucky_block"] },
  "white_candy_block": { "textures": [ "textures/blocks/white_candy_block"] },
  "orange_candy_block": { "textures": [ "textures/blocks/orange_candy_block"] },
  "magenta_candy_block": { "textures": [ "textures/blocks/magenta_candy_block"] },
  "light_blue_candy_block": { "textures": [ "textures/blocks/light_blue_candy_block"] },
  "yellow_candy_block": { "textures": [ "textures/blocks/yellow_candy_block"] },
  "lime_candy_block": { "textures": [ "textures/blocks/lime_candy_block"] },
  "pink_candy_block": { "textures": [ "textures/blocks/pink_candy_block"] },
  "grey_candy_block": { "textures": [ "textures/blocks/grey_candy_block"] },
  "light_grey_candy_block": { "textures": [ "textures/blocks/light_grey_candy_block"] },
  "cyan_candy_block": { "textures": [ "textures/blocks/cyan_candy_block"] },
  "purple_candy_block": { "textures": [ "textures/blocks/purple_candy_block"] },
  "blue_candy_block": { "textures": [ "textures/blocks/blue_candy_block"] },
  "brown_candy_block": { "textures": [ "textures/blocks/brown_candy_block"] },
  "green_candy_block": { "textures": [ "textures/blocks/green_candy_block"] },
  "red_candy_block": { "textures": [ "textures/blocks/red_candy_block"] },
  "black_candy_block": { "textures": [ "textures/blocks/black_candy_block"] },
  "gingerbread_block": { "textures": [ "textures/blocks/gingerbread_block"] },
  "gingerbread_stairs": { "textures": [ "textures/blocks/gingerbread_stairs"] },
  "spiral_lollipop": { "textures": [ "textures/blocks/spiral_lollipop"] },
  "glass_crafting_table": { "textures": [ "textures/blocks/glass_crafting_table"] },
  "glass_furnace": { "textures": [ "textures/blocks/glass_furnace"] },
  "spiral_furnace": { "textures": [ "textures/blocks/spiral_furnace"] },

  //Especial blocks
  "auto_complete_north": { "textures": [ "textures/blocks/auto_complete_north"] },
  "auto_complete_south": { "textures": [ "textures/blocks/auto_complete_south"] },
  "fountaindrop1": { "textures": [ "textures/blocks/transparent"] },
  "fountaindrop2": { "textures": [ "textures/blocks/transparent"] },
  "fountaindrop3": { "textures": [ "textures/blocks/transparent"] },
  "fountaindrop4": { "textures": [ "textures/blocks/transparent"] },
  "fountaindrop5": { "textures": [ "textures/blocks/transparent"] },
  "fountaindrop6": { "textures": [ "textures/blocks/transparent"] }
 }
}