{
	"format_version": "1.10.0",
	"minecraft:attachable": {
		"description": {
			"identifier": "lucky:spiral_boots.player",
			"item": {
				"lucky:spiral_boots": "query.owner_identifier == 'minecraft:player'"
			},
			"materials": {
				"default": "armor",
				"enchanted": "armor_enchanted"
			},
			"textures": {
				"default": "textures/models/armor/spiral_1",
				"enchanted": "textures/misc/enchanted_item_glint"
			},
			"geometry": {
				"default": "geometry.player.armor.boots"
			},
			"scripts": {
				"parent_setup": "variable.boot_layer_visible = 0.0;"
			},
			"render_controllers": [
				"controller.render.armor"
			]
		}
	}
}