{
  "entity_sounds": {
    "entities": {
      "lucky:lucky_villager": {
        "volume": 1.0,
        "pitch": [
          0.8,
          1.2
        ],
        "events": {
          "ambient": "mob.villager.idle",
          "hurt": "mob.villager.hit",
          "death": "mob.villager.death",
          "death.to.zombie": "mob.villager.death",
          "haggle": "mob.villager.haggle",
          "haggle.yes": "mob.villager.yes",
          "haggle.no": "mob.villager.no"
        }
      },
      "lucky:magma_cube_giant": {
        "volume": 1.0,
        "pitch": [ 0.8, 1.2 
        ],
        "events": {
          "ambient": "",
          "hurt": "mob.magmacube.small",
          "death": "mob.magmacube.small",
          "squish.big": {
            "sound": "mob.magmacube.big",
            "pitch": [ 0.64, 0.96 ]
          },
          "squish.small": {
            "sound": "mob.magmacube.small",
            "pitch": [ 0.64, 0.96 ]
          },
          "attack": {
            "sound": "mob.attack",
            "pitch": [ 0.8, 1.2 ]
          }
        }
      }
    }
  }
}